user_ID,item_ID,prediction
1000235057,P422905,4
1000235057,P421243,3
1000235057,P397890,4
1001087549,P423142,5
1001087549,P400259,5
1001087549,P479318,5
1001087549,P411365,5
10021203314,P400259,5
10021203314,P442761,5
10021203314,P442836,5
10021203314,P503814,5
10021203314,P471025,5
1004697789,P482320,5
1004697789,P482676,4
1004697789,P442836,5
1004697789,P501760,5
1007157531,P122900,5
1007157531,P173726,5
10072835560,P482074,5
10072835560,P400259,5
10072835560,P501254,5
10072835560,P481831,5
10123555555,P500472,5
10123555555,P482676,5
10123555555,P482535,5
10123555555,P458917,5
10123555555,P479318,5
10127380049,P503814,5
10127380049,P481739,5
10127380049,P455926,5
10127380049,P443370,5
10127380049,P475124,5
10127380049,P443352,5
10127380049,P471101,5
10178779535,P428250,5
10178779535,P469538,5
10178779535,P443350,5
10178779535,P418624,5
1017984594,P442741,5
1017984594,P500633,5
1017984594,P500777,5
10183487671,P428819,5
10183487671,P442761,5
10183487671,P475124,5
10213715199,P500633,4
10213715199,P453930,4
10213715199,P482742,4
10213715199,P479841,4
10296294920,P476414,4
10296294920,P505346,3
10296294920,P482535,5
10296294920,P501288,5
10296294920,P469538,4
10299901583,P480613,5
10299901583,P470529,5
10299901583,P442743,5
10299901583,P306941,5
10301673879,P392245,4
10301673879,P441101,5
10301673879,P426183,3
10333244324,P443349,5
10333244324,P501288,5
10333244324,P476414,5
1039652892,P471237,4
1039652892,P471226,5
1039652892,P411365,5
1039652892,P501760,5
1040369429,P306941,5
1040369429,P467762,5
1040369429,P431848,5
1040369429,P434548,5
1040369429,P480461,5
1040369429,P174502,5
10452002363,P474832,5
10452002363,P501288,5
10452002363,P418346,5
1048276344,P455676,4
1048276344,P445951,4
1048276344,P416563,5
1048276344,P460856,4
1048276344,P439926,3
1060679234,P423148,2
1060679234,P415773,4
1060679234,P418218,3
10686901548,P424948,5
10686901548,P476729,5
10686901548,P411365,5
10686901548,P470065,5
10686901548,P440650,5
10690040573,P476415,5
10690040573,P471226,5
10690040573,P440650,5
10690040573,P503726,5
10690040573,P423130,5
10690040573,P309308,5
10690040573,P391802,5
10703356078,P429952,4
10703356078,P434548,4
10703356078,P411388,4
10763743504,P500472,5
10763743504,P423136,5
10763743504,P479318,5
10763743504,P480192,5
10763743504,P501254,5
10776296512,P466123,5
10776296512,P479327,5
10776296512,P468658,5
10788194907,P453227,5
10788194907,P302103,5
10788194907,P440925,5
1079079050,P500777,5
1079079050,P418624,5
1079079050,P475921,5
10806366528,P500613,5
10806366528,P439061,5
10806366528,P447781,5
10846099034,P471237,5
10846099034,P470529,5
10846099034,P442838,5
10847139256,P479645,5
10847139256,P479327,5
10847139256,P505346,5
10847139256,P411365,5
10879792704,P466673,4
10879792704,P433887,5
10900068310,P468684,4
10900068310,P416341,5
10900068310,P447210,5
1094154645,P217513,5
1094154645,P12336,4
1094154645,P456418,5
1098549354,P466123,5
1098549354,P428819,4
1098549354,P439058,4
11020517260,P471226,5
11020517260,P458209,5
11020517260,P482742,4
1102557110,P483076,5
1102557110,P503936,5
1102557110,P434336,5
1103053702,P466153,5
1103053702,P458917,5
1103053702,P479860,5
1103245237,P428819,5
1103245237,P479318,5
11061488707,P443700,5
11061488707,P476414,5
11061488707,P500472,5
11064392042,P442761,5
11064392042,P456213,4
11064392042,P459300,4
1108637360,P476414,5
1108637360,P505023,5
1108637360,P471025,5
1108637360,P482676,5
1109862302,P500857,4
1109862302,P479860,4
1109862302,P454383,5
1109862302,P500472,5
1109862302,P482325,4
1109862302,P479841,4
11107306423,P442838,5
11107306423,P479860,5
11107306423,P470529,5
11109420515,P500633,5
11109420515,P476729,5
11109420515,P411365,5
11109420515,P483138,5
11109420515,P440650,5
11133100913,P479327,5
11133100913,P411539,4
11133100913,P411365,4
11177806261,P392245,5
11177806261,P302103,5
11237326651,P477157,5
11237326651,P471237,5
11237326651,P481739,5
11244234685,P248404,4
11244234685,P270594,5
11244234685,P427414,4
11245765482,P474939,5
11245765482,P474938,5
11245765482,P475589,5
1126147141,P449599,4
1126147141,P472454,5
1126147141,P122774,5
11273998972,P438619,5
11273998972,P483138,5
11273998972,P476414,5
11380473088,P500472,5
11380473088,P501254,5
11380473088,P442838,5
11380473088,P501760,5
1144581152,P173726,5
1144581152,P421243,5
1144581152,P429515,4
11470951729,P481366,5
11470951729,P500472,5
11470951729,P474832,5
11470951729,P501760,5
1148829653,P474832,5
1148829653,P458900,5
1148829653,P465741,5
1148829653,P477157,5
11498165617,P421277,5
11498165617,P418624,5
11498165617,P505346,5
11528324542,P427416,5
11528324542,P463036,5
11528324542,P416563,5
11528324542,P466114,4
11528324542,P482320,5
11528946483,P505024,5
11528946483,P500777,5
11528946483,P479339,5
11560614608,P411365,5
11560614608,P456211,4
11560614608,P474075,5
11560614608,P481831,5
11607230465,P471237,5
11607230465,P459300,5
11607230465,P434336,5
11607230465,P475124,5
11607230465,P418624,5
1165347806,P12336,4
1165347806,P440925,4
11673121444,P501760,4
11673121444,P476729,4
11673121444,P446934,5
11673121444,P458209,4
11673121444,P438620,5
11673121444,P456213,4
11673121444,P503936,4
11684248445,P500472,5
11684248445,P442838,5
11684248445,P440650,5
11684248445,P476729,5
1171769857,P501760,5
1171769857,P474075,5
1171769857,P400207,5
11719033836,P476729,5
11719033836,P423148,5
11719033836,P480461,5
11719033836,P500777,5
11719033836,P434548,5
1172706765,P481830,5
1172706765,P479860,5
1172706765,P471043,5
1175568284,P482551,5
1175568284,P430337,5
1175568284,P440651,5
11777122,P466123,5
11777122,P463036,5
11777122,P503936,5
11777122,P481833,5
11777122,P426501,5
1177822096,P481989,5
1177822096,P434336,5
1177822096,P469538,5
11794540641,P503668,5
11794540641,P479841,5
11794540641,P477157,5
11794540641,P501254,5
11816410331,P479860,5
11816410331,P419222,5
11816410331,P479327,5
11816410331,P504045,5
11816410331,P448203,5
11844154673,P481739,5
11844154673,P474075,5
11844154673,P442840,5
11854025220,P461949,5
11854025220,P479327,5
11854025220,P479841,5
1186055472,P419221,5
1186055472,P430337,4
1186055472,P446938,5
1186055472,P415777,5
1186055472,P427529,5
1186055472,P421243,5
11873834777,P432668,4
11873834777,P297516,4
11894090079,P423148,4
11894090079,P479841,4
11894090079,P505346,3
11897968971,P501254,5
11897968971,P421235,5
11897968971,P479327,5
11902252274,P483076,5
11902252274,P455936,5
11902252274,P471046,5
11904910673,P500240,4
11904910673,P479327,4
11904910673,P479841,4
11905536269,P505054,5
11905536269,P500777,5
11905536269,P482676,5
11913232222,P439928,3
11913232222,P442840,5
11913232222,P442744,4
11913232222,P418346,5
11935576199,P479904,4
11935576199,P467762,4
11935576199,P404795,4
11950294958,P443350,5
11950294958,P482676,4
11950294958,P442838,4
11950294958,P474075,4
11950294958,P479318,5
11981978017,P392245,4
11981978017,P440307,5
11981978017,P427529,4
11981978017,P410400,5
12050114099,P447791,5
12050114099,P422000,4
12053974098,P463036,5
12053974098,P439058,5
12053974098,P420158,4
12053974098,P460516,4
1206207063,P442839,5
1206207063,P404338,5
1206207063,P479841,5
12120293921,P471003,4
12120293921,P411403,5
12120293921,P453224,5
1212524782,P403818,5
1212524782,P472981,4
1212524782,P297551,2
1212524782,P422007,5
1218444012,P466661,5
1218444012,P434548,5
1218444012,P455236,5
1218444012,P467038,5
1218444012,P501288,5
1218444012,P479841,5
1228138451,P411401,4
1228138451,P375849,4
1228138451,P428819,4
1229114608,P461949,5
1229114608,P503814,5
1229114608,P476414,5
12319424176,P427415,5
12319424176,P460701,4
12319424176,P427406,5
1236034479,P443840,5
1236034479,P476729,5
1236034479,P411365,5
1236034479,P474075,5
1236034479,P440650,5
12427436819,P479329,5
12427436819,P500472,5
12427436819,P479339,5
12427436819,P454838,4
12427436819,P474075,5
12427436819,P440650,5
1244394338,P12573,5
1244394338,P393718,5
12468687140,P500993,5
12468687140,P500472,5
12468687140,P503726,5
12468687140,P423136,5
12485363048,P469506,4
12485363048,P500472,5
12485363048,P504125,5
12485363048,P475543,5
1255915361,P443350,5
1255915361,P481739,5
1255915361,P505346,5
1255915361,P479318,5
12623503451,P453225,3
12623503451,P434548,4
12623503451,P453227,4
12623503451,P443563,4
12623503451,P399623,3
12623503451,P455676,4
12640060683,P505054,5
12640060683,P423148,5
12640060683,P479348,5
12640060683,P500633,5
12640060683,P463036,5
12640060683,P470529,5
12640060683,P503891,5
12666469928,P503936,5
12666469928,P471065,5
12666469928,P469538,4
12666469928,P505346,4
12683206114,P443349,5
12683206114,P476414,5
12683206114,P443350,5
1274186086,P214002,4
1274186086,P427529,2
1274186086,P173726,4
12750259168,P462666,5
12750259168,P438617,5
12750259168,P479318,5
12750259168,P440650,5
12750259168,P466673,5
12750259168,P476876,5
12750259168,P443352,5
12750259168,P461949,5
12789641601,P434548,5
12789641601,P456392,5
12789641601,P468658,5
12847274686,P479841,5
12847274686,P438619,5
12847274686,P483138,5
1296409794,P471043,5
1296409794,P503814,5
1296409794,P479841,5
13023230015,P309310,4
13023230015,P430337,3
13023230015,P421277,5
1309336177,P400259,5
1309336177,P475543,5
1309336177,P471025,5
1309946987,P482540,4
1309946987,P481989,5
1309946987,P475921,4
1309946987,P440650,4
1309946987,P474075,4
1309946987,P476729,4
1314992825,P454383,5
1314992825,P475124,5
1314992825,P503879,5
1314992825,P472472,5
1314992825,P416139,5
1314992825,P434336,5
1314992825,P443352,5
1314992825,P501254,5
1325857542,P471043,5
1325857542,P503936,5
1325857542,P479841,5
1327961335,P424948,5
1327961335,P418624,5
1327961335,P455936,5
1327961335,P467602,5
1329792892,P472981,5
1329792892,P479839,5
1329792892,P482739,5
1330750144,P463353,4
1330750144,P434548,4
1330750144,P453225,2
1331335975,P482739,4
1331335975,P392245,5
1331335975,P419223,4
1331335975,P450271,5
1331335975,P475630,5
1333650793,P466673,4
1333650793,P500777,4
1333650793,P411365,4
1335651996,P421275,5
1335651996,P415619,5
1335651996,P432668,4
1335651996,P415701,5
1345039456,P475921,5
1345039456,P500633,5
1345039456,P400259,5
1345088629,P442840,4
1345088629,P504595,5
1345088629,P283501,4
1347480890,P433887,5
1347480890,P439058,4
1347480890,P447210,4
1352934031,P479327,4
1352934031,P481989,4
1352934031,P423136,5
1360801487,P500472,5
1360801487,P443700,5
1360801487,P442838,5
1360801487,P479318,5
1361601891,P481739,5
1361601891,P505346,5
1361601891,P474075,5
1361601891,P471025,5
1363378530,P479645,5
1363378530,P422000,5
1363378530,P481831,5
1373665464,P476414,5
1373665464,P453930,5
1373665464,P411365,5
1373665464,P501288,5
1373665464,P471046,5
1387384174,P297516,4
1387384174,P415237,3
1387384174,P421243,3
1387384174,P463371,4
1387716418,P433521,4
1387716418,P415777,5
1387716418,P456218,5
1390597383,P480301,5
1390597383,P473322,5
1390597383,P426501,5
1405351621,P472454,4
1405351621,P384539,4
1405351621,P203616,4
1405351621,P479841,3
1413581452,P427419,4
1413581452,P432829,5
1413581452,P12336,4
1413581452,P416564,5
1413581452,P440307,5
1415381630,P466661,5
1415381630,P459299,5
1415381630,P421277,5
1415381630,P417936,5
1415381630,P474075,5
1415381630,P456208,5
1423551281,P479318,5
1423551281,P500777,4
1423551281,P482535,4
1429389862,P418346,5
1429389862,P479327,5
1429389862,P421277,5
1432001315,P422007,3
1432001315,P470065,4
1432001315,P248404,4
1434100797,P453824,5
1434100797,P460779,4
1434100797,P458755,4
1444143071,P501760,5
1444143071,P423148,4
1444143071,P474075,5
1444143071,P479841,5
1444143071,P467762,5
1445762659,P434336,5
1445762659,P481697,5
1445762659,P443350,5
1445762659,P479860,5
1452459402,P500633,5
1452459402,P503936,5
1452459402,P500777,5
1454405898,P426183,4
1454405898,P423259,4
1454405898,P411388,4
1454405898,P448937,4
1458293587,P442744,5
1458293587,P481817,5
1458293587,P446930,4
1458293587,P432829,5
1458301340,P479841,5
1458301340,P474822,5
1458301340,P476729,4
1458301340,P421996,5
1460482367,P466155,5
1460482367,P423136,5
1460482367,P505346,5
1460482367,P471025,5
1464681589,P467038,5
1464681589,P3617,5
1464681589,P455927,5
1478747660,P442839,5
1478747660,P470529,5
1478747660,P469538,4
1478747660,P455236,5
1486912424,P476414,5
1486912424,P482535,5
1486912424,P442858,5
1486912424,P443350,5
1488054441,P469538,5
1488054441,P453928,5
1488054441,P466123,5
1492711942,P481697,5
1492711942,P479645,5
1492711942,P500288,5
1492711942,P462666,5
1492711942,P479318,5
1492711942,P471046,5
1492711942,P411387,5
1492711942,P442839,5
1495782552,P423136,4
1495782552,P500472,5
1495782552,P417936,5
1496236782,P483076,4
1496236782,P476414,4
1496236782,P471025,4
1496236782,P469538,4
1500892607,P453816,5
1500892607,P456418,5
1500892607,P446938,4
1523323222,P500633,5
1523323222,P501760,5
1523323222,P504045,5
1533231934,P173726,5
1533231934,P214002,5
1533231934,P3617,5
1539813076,P423148,5
1539813076,P500757,5
1539813076,P442761,5
1546870362,P466123,5
1546870362,P443350,5
1546870362,P416341,5
1546870362,P474075,5
1546870362,P466142,5
1559712544,P431848,5
1559712544,P427411,4
1559712544,P505031,5
1567396046,P422000,2
1567396046,P393718,2
1567396046,P411539,1
1567396046,P268700,2
1567396046,P248407,2
1568774266,P422007,5
1568774266,P479841,5
1568774266,P503668,5
1568774266,P459299,5
1568774266,P467602,5
1568774266,P423148,5
1568774266,P442837,5
1570347348,P429952,4
1570347348,P442563,5
1570347348,P440651,3
1573517974,P500744,5
1573517974,P500633,5
1573517974,P500757,5
1573517974,P423148,5
1573517974,P501288,5
1573517974,P500777,5
1608912070,P500633,5
1608912070,P400259,5
1608912070,P418624,5
1609218413,P471226,5
1609218413,P481833,5
1609218413,P421235,5
1626163372,P434336,5
1626163372,P479841,5
1626163372,P469538,5
1635531620,P476414,5
1635531620,P454313,5
1635531620,P411365,5
1635531620,P474075,5
1635531620,P469538,5
1642361729,P440312,5
1642361729,P482535,5
1642361729,P443350,5
1642361729,P458917,5
1642361729,P418624,5
1650163436,P461949,5
1650163436,P428250,5
1650163436,P479841,5
1653505464,P500744,5
1653505464,P501288,5
1653505464,P505346,5
1653540649,P217513,5
1653540649,P232915,5
1653540649,P440651,4
1657053755,P423259,5
1657053755,P481697,5
1657053755,P456218,5
1657628662,P400259,5
1657628662,P434336,5
1657628662,P481831,5
1657654590,P481739,5
1657654590,P472469,5
1657654590,P447791,5
1659633339,P443359,5
1659633339,P421277,5
1659633339,P477157,5
1659633339,P443700,5
1663893633,P12336,5
1663893633,P500472,5
1663893633,P429242,5
1663893633,P467971,5
1663893633,P415619,4
1667320705,P476414,5
1667320705,P476729,4
1667320705,P455926,5
1667320705,P475124,5
1667320705,P440650,5
1668066182,P422510,5
1668066182,P377570,5
1668066182,P416341,4
1671939144,P500993,5
1671939144,P500777,5
1671939144,P501254,5
1671939144,P482676,5
1676134304,P500633,5
1676134304,P476729,5
1676134304,P455236,5
1676134304,P481833,5
1676134304,P440650,5
1682551173,P418346,5
1682551173,P423136,5
1682551173,P463105,4
1682551173,P481739,5
1687398148,P471043,5
1687398148,P479318,5
1687398148,P466661,5
1687398148,P418624,5
1687398148,P460624,5
1687398148,P418346,5
1687398148,P479841,5
1688226307,P470259,3
1688226307,P393718,4
1688226307,P466123,4
1695826540,P500472,5
1695826540,P505023,5
1695826540,P440650,5
1695826540,P501254,5
1706923052,P470536,5
1706923052,P469538,4
1706923052,P458917,5
1706923052,P505346,4
1710583924,P443350,5
1710583924,P501760,5
1710583924,P469538,5
1710583924,P474075,5
1710583924,P505346,5
1712081012,P500633,4
1712081012,P500777,5
1712081012,P482676,4
1720693631,P447791,5
1720693631,P479318,5
1720693631,P476729,4
1720693631,P442838,4
1734447399,P505054,5
1734447399,P442761,5
1738022745,P476876,4
1738022745,P501254,4
1738022745,P453930,5
1738022745,P386754,4
1738022745,P467976,5
1738022745,P429952,5
1738022745,P481830,5
1747971900,P416139,4
1747971900,P39970,4
1747971900,P448530,4
1747971900,P386197,4
1747971900,P462699,4
1747971900,P7880,3
1747971900,P434336,4
1747971900,P12336,2
1747971900,P394639,4
1751504272,P500472,5
1751504272,P454313,5
1751504272,P482535,4
1751504272,P482325,4
1751504272,P469538,4
1760328828,P455236,5
1760328828,P442858,5
1760328828,P481833,5
1760328828,P479841,5
1798243001,P503936,5
1798243001,P501254,5
1804634158,P469506,5
1804634158,P479327,5
1804634158,P471025,5
1804634158,P418624,5
1804634158,P474075,5
1804634158,P455236,5
1811605039,P426340,5
1811605039,P302103,4
1812114505,P504125,5
1812114505,P463036,5
1812114505,P471046,5
1817763601,P476414,5
1817763601,P411365,5
1817763601,P471025,5
1823786694,P483679,5
1823786694,P482320,5
1823786694,P459300,5
1823786694,P500777,5
1823786831,P479860,5
1823786831,P419222,4
1823786831,P400259,5
1823786831,P501288,5
1823786831,P479327,5
1834055613,P442839,5
1834055613,P476414,5
1834055613,P503936,5
1838040758,P418218,4
1838040758,P426501,4
1838040758,P420158,2
1838670851,P482540,5
1838670851,P426501,5
1838670851,P454084,5
1838670851,P453930,5
1845533064,P416341,5
1845533064,P501254,5
1845533064,P471025,5
1845533064,P479339,5
1846302569,P442838,5
1846302569,P482325,5
1846302569,P500633,5
1847773036,P500857,5
1847773036,P429242,5
1847773036,P469538,5
1863340544,P483076,5
1863340544,P480461,5
1863340544,P434336,5
1864233002,P471101,5
1864233002,P400207,5
1864233002,P455926,5
1864233002,P443350,5
1864233002,P474075,5
1864233002,P481831,5
1865074387,P481739,5
1865074387,P466123,5
1865074387,P500757,5
1876084363,P418218,4
1876084363,P454383,4
1876084363,P12045,4
1876084363,P411539,4
1888885111,P424948,5
1888885111,P455936,5
1888885111,P440650,5
1910814069,P443842,5
1910814069,P435800,5
1910814069,P467762,5
1930716686,P440650,4
1930716686,P461439,5
1930716686,P415701,4
1930716686,P421996,4
1930716686,P470509,3
1930716686,P7880,5
1930716686,P421277,4
1930716686,P232915,4
1930716686,P218700,3
1930716686,P302103,4
1930716686,P448185,5
1943092374,P500472,5
1943092374,P505346,4
1943092374,P455236,5
1943092374,P458917,5
1943092374,P469538,4
1959646660,P476414,5
1959646660,P467602,5
1959646660,P471025,5
1964993942,P474832,5
1964993942,P432668,4
1964993942,P434336,5
1964993942,P454018,5
1964993942,P474075,5
1964993942,P423148,5
1976782934,P456218,5
1976782934,P479318,5
1976782934,P469538,5
1976782934,P505346,5
1979884195,P482540,5
1979884195,P455236,5
1979884195,P500288,5
1979884195,P400259,5
1979884195,P503191,5
1979884195,P434336,5
1979884195,P479348,5
1982758126,P466661,5
1982758126,P479841,5
1982758126,P442836,5
1988192739,P469482,5
1988192739,P470529,5
1988192739,P456208,5
1989533128,P471237,5
1989533128,P442761,5
1989533128,P469538,5
1989533128,P505346,5
1993155640,P503936,5
1993155640,P455236,5
1993155640,P440650,5
1993404774,P445832,4
1993404774,P476414,4
1993404774,P423136,4
1998203732,P422510,4
1998203732,P445827,4
1998203732,P427420,4
1998203732,P456392,4
20107194547,P471237,5
20107194547,P482693,5
20107194547,P475124,5
20128002882,P454794,5
20128002882,P393718,5
20128002882,P406712,5
20128002882,P422510,5
20136145736,P416341,5
20136145736,P429952,5
20136145736,P453816,4
20163188032,P422510,5
20163188032,P481989,5
20163188032,P503936,5
20163188032,P426501,4
2036740958,P476414,4
2036740958,P458209,4
2036740958,P481831,4
20430950197,P479645,5
20430950197,P479327,5
20430950197,P500777,5
20430950197,P423148,5
20430950197,P481833,5
20430950197,P377570,5
2046960219,P232915,4
2046960219,P456392,4
2046960219,P392235,4
2046960219,P480192,4
2046960219,P12045,5
2051963254,P392246,4
2051963254,P406712,4
2051963254,P403818,4
2052600755,P482540,5
2052600755,P482739,5
2052600755,P442761,5
2052600755,P404793,5
20530275666,P454313,5
20530275666,P471046,5
20530275666,P503814,5
20530275666,P469538,5
2062974003,P438617,5
2062974003,P476414,4
2062974003,P440650,5
2062974003,P421277,5
2062974003,P503814,5
2062974003,P500777,5
20641293066,P500633,5
20641293066,P500472,5
20641293066,P442836,5
20745956302,P471237,5
20745956302,P505346,4
20745956302,P411365,5
20745956302,P469538,5
2093049351,P480301,5
2093049351,P503936,5
2093049351,P467038,5
20932008877,P505031,4
20932008877,P469538,4
20932008877,P455237,4
20932008877,P500472,5
20932008877,P440650,4
20932008877,P500777,4
20932008877,P420158,4
2101821361,P471043,5
2101821361,P232915,5
2101821361,P479318,5
21039047445,P476414,5
21039047445,P419223,5
21039047445,P467602,5
21039047445,P474075,5
21039047445,P456211,5
21062018744,P443700,5
21062018744,P501288,5
21062018744,P377561,5
2108864709,P503936,5
2108864709,P471043,5
2108864709,P454313,5
2108864709,P446423,5
21102488927,P441101,2
21102488927,P416563,2
21102488927,P54509,2
21123278631,P475543,5
21123278631,P501760,5
21123278631,P482325,5
21123278631,P481739,5
2118515570,P415771,4
2118515570,P482320,5
2118515570,P426340,5
2118515570,P482325,5
2118515570,P392245,2
2119352314,P429242,5
2119352314,P458576,5
2119352314,P453930,5
2119352314,P474075,5
2119352314,P447212,5
2120412760,P440925,4
2120412760,P433520,3
2120412760,P478030,5
21255429542,P431848,5
21255429542,P440498,5
21255429542,P442563,5
21283809698,P503936,5
21283809698,P479841,5
21283809698,P479318,5
21356567335,P474840,5
21356567335,P434336,5
21356567335,P418624,5
2138255080,P429250,4
2138255080,P472454,4
2138255080,P434336,3
2138255080,P426501,4
2141824483,P453930,5
2141824483,P471237,5
2141824483,P470529,5
21531599871,P479327,5
21531599871,P471046,5
21531599871,P479841,5
21531599871,P503814,5
21531599871,P481831,5
2153793647,P503936,4
2153793647,P479318,4
2153793647,P476729,5
2153793647,P505346,5
2158518461,P460516,2
2158518461,P426183,4
2158518461,P461555,4
21625159032,P482676,4
21625159032,P474075,5
21625159032,P500472,5
21662658267,P469482,4
21662658267,P503936,5
21662658267,P427397,5
21678369705,P505020,5
21678369705,P456211,5
21678369705,P477157,5
21678369705,P505031,5
21681037934,P471237,5
21681037934,P423136,5
21681037934,P474075,5
21684758896,P500472,5
21684758896,P479841,4
21684758896,P440650,5
21714709642,P427416,4
21714709642,P455611,1
21714709642,P448802,4
2172412246,P479327,5
2172412246,P505346,5
2172412246,P411365,5
2172412246,P474822,5
2172412246,P469538,5
2177545683,P473160,4
2177545683,P439926,4
2177545683,P418346,4
2177545683,P392245,4
21790385454,P458209,4
21790385454,P479841,4
21790385454,P440650,4
21803446923,P500472,5
21803446923,P505031,5
21803446923,P503814,5
21814236723,P500633,4
21814236723,P442838,5
21814236723,P500777,4
21814236723,P475951,5
21814236723,P442836,5
21867847765,P503936,5
21867847765,P505023,5
21867847765,P476729,5
21867847765,P505346,5
21949125960,P442839,5
21949125960,P471237,5
21949125960,P471025,5
2197926243,P505054,5
2197926243,P500777,5
2197926243,P455236,5
22003821407,P379510,5
22003821407,P447210,5
22003821407,P460578,5
22077513605,P427417,4
22077513605,P440307,5
2212300192,P482551,5
2212300192,P479327,5
2212300192,P471043,4
22131760179,P456126,4
22131760179,P504595,4
22131760179,P427416,5
22133971706,P500472,5
22133971706,P479841,5
22133971706,P476729,3
22144173802,P446641,5
22144173802,P482320,5
22144173802,P471046,5
22144173802,P500777,4
22144173802,P500756,5
22144173802,P419223,5
22188820724,P483076,5
22188820724,P434548,5
22188820724,P503726,5
22208203663,P505346,1
22208203663,P447778,4
22208203663,P393718,4
2226893692,P479645,5
2226893692,P455676,5
2226893692,P443350,5
2226893692,P400259,5
2226893692,P474075,5
2226893692,P503936,5
2227827779,P500633,5
2227827779,P503936,5
2227827779,P482535,5
22288438954,P503879,5
22288438954,P458917,5
22288438954,P456392,5
2229375635,P418346,5
2229375635,P471025,5
2229375635,P503814,5
22301704675,P422905,5
22301704675,P442594,4
22301704675,P424948,5
22301704675,P386197,5
2231701489,P479645,5
2231701489,P463036,5
2231701489,P470057,5
2231701489,P479860,5
2231701489,P458209,5
2231701489,P479327,5
2231701489,P500288,5
22338661896,P456392,5
22338661896,P471046,5
22338661896,P434336,5
22338661896,P418624,5
2234892416,P476414,5
2234892416,P411365,5
2234892416,P501760,5
2243013450,P500777,5
2243013450,P453930,5
2243013450,P501254,5
22493708380,P503726,5
22493708380,P400259,4
22493708380,P404338,5
2249756960,P404795,4
2249756960,P440498,4
2249756960,P418218,1
22545219130,P445827,3
22545219130,P479860,3
22545219130,P455676,3
22599669089,P438620,5
22599669089,P434336,5
22599669089,P418624,5
22606312978,P433520,2
22606312978,P440307,2
22606312978,P461537,3
22606312978,P427536,3
22658221971,P504125,5
22658221971,P424948,5
22658221971,P442838,5
22658221971,P440650,5
2269583824,P503936,5
2269583824,P481831,5
2269583824,P475921,5
22705593305,P434336,5
22705593305,P471025,5
22705593305,P469538,5
22705593305,P505346,5
22710534648,P438620,5
22710534648,P500777,5
22710534648,P477157,5
22710534648,P453930,5
22734530791,P466123,4
22734530791,P475589,5
22734530791,P463036,4
22734530791,P465741,4
22734530791,P455236,4
2276253200,P400259,5
2276253200,P482676,5
2276253200,P467602,5
2276253200,P411365,5
2279342251,P432241,4
2279342251,P440307,5
2279342251,P421277,4
2279342251,P470529,4
22814547832,P479348,5
22814547832,P479327,5
22814547832,P504125,5
22814547832,P471025,4
2281793882,P500472,4
2281793882,P449180,4
2281793882,P442836,4
2281793882,P501288,4
2281793882,P471025,4
22886511151,P423148,4
22886511151,P505346,4
22886511151,P482535,4
22886511151,P474075,4
22886511151,P469538,4
22934451719,P12573,2
22934451719,P466123,3
22934451719,P393718,4
22934451719,P461160,2
22994054082,P479860,4
22994054082,P458900,4
22994054082,P442836,5
22994054082,P443700,4
23023076962,P500857,5
23023076962,P500633,5
23023076962,P434336,5
23023076962,P458209,5
23023076962,P474075,5
23023076962,P423148,5
23028107150,P505054,5
23028107150,P500633,5
23044199959,P448530,3
23044199959,P447791,5
23044199959,P139000,4
23044199959,P427415,2
23044199959,P479330,4
23044199959,P7880,5
23044199959,P449175,3
23063771539,P505031,5
23063771539,P501288,5
23063771539,P503936,5
23070177731,P505031,5
23070177731,P483138,4
23070177731,P476414,5
2307955495,P482074,5
2307955495,P500777,5
2307955495,P482676,5
23085486213,P480630,4
23085486213,P448203,3
2310652313,P482024,5
2310652313,P469538,4
2310652313,P500744,5
2310652313,P469482,5
2311413672,P434336,5
2311413672,P443349,5
2311413672,P481739,5
2311413672,P423136,5
23183808612,P433887,4
23183808612,P404793,4
23183808612,P411365,4
23183808612,P483138,4
23183808612,P447210,4
23199045690,P442563,5
23199045690,P478030,4
23199045690,P427414,4
23207278907,P419221,2
23207278907,P427536,3
23207278907,P463371,4
23289025888,P482551,5
23289025888,P500633,5
23289025888,P503936,5
2330399812,P504125,5
2330399812,P482074,5
2330399812,P481732,5
2330399812,P475543,5
2330399812,P442838,5
2330399812,P423688,5
2330399812,P503634,5
2330399812,P500757,5
23351156425,P443350,5
23351156425,P482676,5
23351156425,P442838,5
23351156425,P479339,5
2336087540,P377570,5
2336087540,P505023,5
2336087540,P479318,5
2336087540,P501254,5
23373761797,P479348,5
23373761797,P463036,5
23373761797,P505009,5
23373761797,P442838,5
23374285741,P428250,5
23374285741,P476729,5
23374285741,P456211,5
23374285741,P501288,5
23374285741,P455236,5
2338266181,P467038,4
2338266181,P482535,5
2338266181,P503726,4
23403759394,P443830,3
23403759394,P469522,2
23403759394,P443840,2
23439172493,P474937,4
23439172493,P392246,4
23439172493,P453225,4
23469114902,P470529,5
23469114902,P476729,5
23469114902,P471025,5
23527438663,P505024,5
23527438663,P424948,5
23527438663,P505031,5
23527438663,P440650,5
2353887088,P469506,5
2353887088,P467602,5
2353887088,P505009,5
2353887088,P471025,5
2357031923,P503936,5
2357031923,P436359,5
2357031923,P454313,5
23594487430,P476414,5
23594487430,P375850,5
23594487430,P474938,5
23594487430,P375853,5
2364661230,P503634,5
2364661230,P458917,5
2364661230,P500472,5
23668221929,P446641,5
23668221929,P428819,3
23668221929,P377570,4
23668221929,P447780,2
23668221929,P482320,3
23695858462,P501254,5
23695858462,P447791,5
23695858462,P455236,5
23729407035,P400259,5
23729407035,P469490,5
23729407035,P442838,5
23729407035,P442761,5
23788981423,P473322,5
23788981423,P505346,5
23788981423,P471046,5
23788981423,P462666,5
23788981423,P476729,5
23813930038,P423148,5
23813930038,P482535,5
23813930038,P471043,5
2384176250,P483076,4
2384176250,P479327,5
2384176250,P442838,5
2384176250,P440650,4
23932473220,P479645,5
23932473220,P447592,4
23932473220,P443349,5
23932473220,P418624,5
2393571358,P500288,5
2393571358,P472454,5
2393571358,P500777,5
2393571358,P470529,5
2393571358,P474075,5
2393571358,P423148,5
23940992103,P443563,4
23940992103,P416815,3
23940992103,P421996,1
23940992103,P434548,4
23996149158,P458209,5
23996149158,P479841,5
23996149158,P447210,5
2399719335,P471226,5
2399719335,P442840,5
2399719335,P458209,5
24052063426,P504125,5
24052063426,P453928,5
24052063426,P426501,5
24058579628,P500633,5
24058579628,P469538,5
24058579628,P481831,5
24058579628,P474075,5
24058579628,P440650,5
24154341059,P501254,5
24154341059,P475908,5
24154341059,P476414,5
24178905733,P505023,5
24178905733,P501760,5
24178905733,P501288,5
24178905733,P482676,5
2421462075,P462699,4
2421462075,P479327,4
2421462075,P463036,5
24343882341,P482693,5
24343882341,P456218,5
24343882341,P479327,5
2434596290,P479327,5
2434596290,P419223,5
2434596290,P462347,5
2442534239,P476729,5
2442534239,P479841,5
2442534239,P465741,5
2442534239,P455236,5
2442534239,P466123,4
24433811617,P459300,4
24433811617,P456213,5
24433811617,P479327,5
24486949963,P479645,5
24486949963,P500777,5
24486949963,P418624,5
24496216408,P479645,5
24496216408,P503936,5
24496216408,P421277,5
24496275071,P503879,5
24496275071,P500472,5
24496275071,P411365,5
24546388173,P400259,5
24546388173,P469538,5
24546388173,P421277,5
24546388173,P474822,5
24546388173,P479841,5
24546691373,P476414,5
24546691373,P482676,5
24546691373,P476729,4
24546691373,P501760,5
24554274785,P479327,5
24554274785,P442838,5
24554274785,P442836,5
24554274785,P501288,5
24554274785,P476729,5
2461901822,P462699,5
2461901822,P505023,5
2461901822,P475124,5
24644842874,P500472,5
24644842874,P471025,5
24644842874,P440650,5
24644842874,P476729,5
2466210403,P453225,5
2466210403,P415771,5
2466210403,P399623,4
24711959387,P400259,5
24711959387,P482535,5
24711959387,P459301,5
24711959387,P458917,5
24711959387,P479841,5
2471764353,P456213,5
2471764353,P501760,5
2471764353,P456211,4
2471764353,P411365,5
2475726554,P434548,5
2475726554,P469538,5
2475726554,P470529,5
2475726554,P504045,5
2475726554,P455236,5
2477044016,P479645,5
2477044016,P481989,5
2477044016,P466673,5
24998050674,P473322,5
24998050674,P420699,5
24998050674,P426080,4
24998050674,P468658,5
24998050674,P439058,5
24998050674,P427421,5
24998050674,P217513,4
25035739185,P479645,5
25035739185,P500472,5
25035739185,P423136,5
25035739185,P476729,5
25082334074,P479645,5
25082334074,P416341,5
25082334074,P481989,5
25107944731,P434548,5
25107944731,P479841,5
25107944731,P443350,5
25107944731,P481697,5
25107944731,P500777,5
2515857948,P469506,2
2515857948,P418872,4
2515857948,P454396,5
2515857948,P12045,4
2515857948,P427416,4
2515857948,P269122,5
2515857948,P297551,3
2515857948,P415777,4
2518712952,P474832,5
2518712952,P466123,5
2518712952,P482676,5
25196349083,P411388,4
25196349083,P426836,4
25196349083,P473160,5
2523261963,P475543,4
2523261963,P479327,4
2523261963,P500777,4
25244252137,P418346,5
25244252137,P503879,5
25244252137,P501288,5
25283875211,P438620,5
25283875211,P479841,5
25283875211,P440650,5
2534304676,P479318,5
2534304676,P501288,4
2534304676,P500633,4
25388682986,P500472,5
25388682986,P482676,4
25388682986,P482535,5
25388682986,P501760,5
25408281582,P458576,4
25408281582,P126301,5
25408281582,P427419,4
25443275450,P468684,4
25443275450,P434548,5
25443275450,P440650,4
25443275450,P481831,5
25443275450,P503814,5
25443275450,P411365,5
25452917574,P470509,5
25452917574,P471025,5
25452917574,P503191,5
25452917574,P458900,5
25452917574,P471037,5
25452917574,P7880,5
25452917574,P483679,5
25462857559,P482551,5
25462857559,P466155,5
25462857559,P481831,5
25488143409,P442839,5
25488143409,P503814,5
25488143409,P500472,5
2555611347,P500777,5
2555611347,P482535,5
2555611347,P483679,5
25589575374,P443349,5
25589575374,P482325,5
25589575374,P423148,5
2561382311,P471025,5
2561382311,P476414,5
2561382311,P479841,5
25642955279,P442838,5
25642955279,P483138,5
25642955279,P467762,5
2571562511,P467038,5
2571562511,P471043,5
2571562511,P471025,5
2571562511,P505023,5
2577925072,P500633,5
2577925072,P475921,5
2577925072,P455236,5
2577925072,P483138,5
2577925072,P440650,5
25853590257,P482540,5
25853590257,P423148,5
25853590257,P479841,5
2585870136,P482676,5
2585870136,P501760,5
2585870136,P474075,5
2585870136,P479318,5
2590965004,P500240,5
2590965004,P416341,5
2590965004,P471025,5
2590965004,P442836,5
25940975880,P503726,5
25940975880,P466142,4
25940975880,P469538,5
2614511242,P500633,4
2614511242,P501760,4
2614511242,P501288,4
2614512528,P505031,4
2614512528,P474075,4
2614512528,P476414,4
26173677486,P503879,4
26173677486,P479327,5
26173677486,P455936,5
2642326903,P503891,4
2642326903,P474377,4
2642326903,P504125,5
2642326903,P477157,5
26431197214,P500777,5
26431197214,P479125,5
26431197214,P481739,5
26431197214,P501288,5
26431197214,P505009,5
26467769690,P505023,5
26467769690,P481833,5
26467769690,P426501,5
2648861325,P505346,5
2648861325,P475908,4
2648861325,P479327,5
2656520784,P427416,2
2656520784,P426836,5
2656520784,P466114,4
2656520784,P427536,4
2656520784,P427419,4
2661325544,P476414,5
2661325544,P442836,5
2661325544,P479841,5
2661325544,P474075,5
2661325544,P455236,5
2667701641,P479327,5
2667701641,P482676,5
2667701641,P455236,5
2667701641,P474822,5
2667701641,P475921,5
2667711134,P455236,5
2667711134,P443350,5
2667711134,P474075,5
2667711134,P467602,5
26691842644,P500288,4
26691842644,P471046,4
26691842644,P479339,4
2685656616,P500288,5
2685656616,P500633,5
2685656616,P469538,5
2685656616,P468658,5
2685656616,P501288,5
2685656616,P479841,5
26932241943,P479348,5
26932241943,P503936,5
26932241943,P500240,5
26932241943,P442838,5
26952386995,P442840,5
26952386995,P504615,5
26952386995,P462699,5
27056171888,P505009,4
27056171888,P500756,4
27056171888,P418346,4
2708555145,P454102,5
2708555145,P400259,5
2708555145,P476729,5
2708555145,P482535,5
2708555145,P475124,4
2708555145,P442836,5
27180026849,P481732,5
27180026849,P481831,5
27180026849,P505009,5
27229000066,P442761,4
27229000066,P476414,4
27229000066,P503936,4
2723938157,P471025,5
2723938157,P462699,5
2723938157,P479327,5
2724796408,P477157,5
2724796408,P443700,5
2724796408,P505020,5
2724796408,P443350,5
2724796408,P394826,5
2724796408,P442840,5
2724796408,P423148,5
27272165842,P500633,5
27272165842,P440650,5
27272165842,P418624,5
27272165842,P458917,5
27272165842,P482535,5
2733575512,P418346,5
2733575512,P450917,5
2733575512,P459300,5
27395235043,P476414,4
27395235043,P442836,5
27395235043,P423148,4
27395235043,P501288,5
27395235043,P455236,4
27541297862,P455936,5
27541297862,P411365,5
27541297862,P505346,5
27570882799,P445832,5
27570882799,P500633,5
27570882799,P481739,5
27580126642,P500857,5
27580126642,P500633,5
27580126642,P475543,5
27580126642,P471046,5
27590831538,P479860,5
27590831538,P501254,5
27590831538,P481697,5
2760276,P266126,5
2760276,P377570,4
2760276,P479327,4
2760276,P444222,4
2760276,P415747,5
27637537911,P423148,4
27637537911,P423136,4
27637537911,P475921,4
27637537911,P482676,4
2771942527,P397890,5
2771942527,P469538,5
2771942527,P500777,5
2771942527,P411365,5
27762223080,P474938,5
27762223080,P479318,5
27762223080,P482535,5
27762223080,P475589,5
27763569314,P476414,5
27763569314,P505346,5
27763569314,P411365,5
27763569314,P474075,5
27763569314,P469538,5
2776710623,P173619,4
2776710623,P409800,4
2776710623,P462699,4
2776710623,P461159,2
2776710623,P461933,2
2776930416,P447603,5
2776930416,P422536,5
2776930416,P474937,5
27775117791,P501254,5
27775117791,P442840,5
27775117791,P424948,5
27777032877,P503936,5
27777032877,P483679,5
27777032877,P505023,5
27777032877,P443349,5
27785460033,P482676,5
27785460033,P479841,5
27785460033,P474075,5
27785460033,P501760,5
27785460033,P479860,5
27829619285,P476414,5
27829619285,P471025,5
27829619285,P469538,4
27829619285,P475951,5
27829619285,P404793,5
27830507674,P471046,5
27830507674,P479841,5
27830507674,P458917,5
27830507674,P455236,5
27830507674,P467762,5
27905469783,P400207,5
27905469783,P479841,5
27905469783,P470529,5
27905469783,P501288,5
27905469783,P463036,5
2795952372,P501760,5
2795952372,P479860,5
2795952372,P469538,5
2798243050,P470529,5
2798243050,P482676,5
2798243050,P505346,5
2798243050,P501760,5
28013163278,P457512,4
28013163278,P461159,4
28013163278,P470536,5
28019609893,P476414,5
28019609893,P463036,5
28019609893,P479841,5
28031570876,P434548,5
28031570876,P476729,5
28031570876,P479841,5
28031570876,P467976,5
28031570876,P442836,5
2806333970,P500857,5
2806333970,P455236,5
2806333970,P469538,5
28146209606,P476414,5
28146209606,P481739,5
28146209606,P467602,5
28146209606,P475589,5
2816484415,P500472,5
2816484415,P505031,4
2816484415,P476729,4
2816484415,P474075,5
2816484415,P481739,5
28179076576,P470529,5
28179076576,P482676,5
28179076576,P476729,4
28179076576,P442838,5
28212637883,P483679,5
28212637883,P400259,5
28212637883,P443350,5
2821984005,P411388,3
2821984005,P429952,4
28237603887,P482320,5
28237603887,P471046,5
28237603887,P501760,5
2824636946,P482676,5
2824636946,P479327,5
2824636946,P423148,5
28303483733,P505346,5
28303483733,P423130,5
28303483733,P500472,5
28409991962,P424948,5
28409991962,P482693,5
28409991962,P474075,5
2841543991,P467038,5
2841543991,P470259,5
2841543991,P469538,5
2841543991,P475951,5
2841543991,P505346,5
28457207564,P477157,5
28457207564,P501288,5
28457207564,P456218,5
2845777893,P442840,4
2845777893,P443840,4
28576313995,P477157,5
28576313995,P415771,5
28576313995,P379707,4
28655112495,P470529,5
28655112495,P479318,5
28655112495,P476729,5
28655112495,P442838,5
28673252966,P500472,5
28673252966,P475589,5
28673252966,P501254,4
28950014686,P476414,4
28950014686,P453224,5
28950014686,P479841,5
28950014686,P472810,4
28950014686,P482535,5
28984399562,P438620,5
28984399562,P481989,5
28984399562,P440650,5
29073478711,P500857,5
29073478711,P479841,5
29073478711,P479318,5
29099248127,P471025,4
29099248127,P440650,4
29099248127,P474075,4
29099248127,P476729,4
29116230385,P434336,5
29116230385,P482298,5
29116230385,P443700,5
29116230385,P443349,5
29401395069,P471237,5
29401395069,P440650,5
29401395069,P411365,5
29401395069,P447210,5
29412853828,P482298,5
29412853828,P471237,5
29412853828,P423148,5
29422326304,P232915,4
29422326304,P377533,4
29422326304,P422000,4
29422326304,P416563,4
29531737209,P469506,5
29531737209,P423148,5
29531737209,P477157,5
29531737209,P505023,5
29638668054,P466155,5
29638668054,P475921,5
29638668054,P440650,5
29638668054,P476729,5
29812302098,P477157,5
29812302098,P503936,5
29812302098,P476729,4
29935812335,P395615,5
29935812335,P481989,5
29935812335,P458917,5
29935812335,P482742,4
29935812335,P500633,5
29940140665,P479125,4
29940140665,P479327,4
29940140665,P500777,4
29952718323,P500633,5
29952718323,P471025,5
29952718323,P469538,5
29952718323,P505346,5
30008624388,P501254,5
30008624388,P465741,5
30008624388,P456218,5
30216803960,P449180,4
30216803960,P481697,4
30216803960,P421235,4
30277672530,P477157,5
30277672530,P474075,5
30277672530,P423148,5
30348277929,P469506,5
30348277929,P479318,5
30348277929,P475543,5
30477385322,P476414,4
30477385322,P501760,4
30477385322,P411365,4
30477385322,P475951,4
30477385322,P447210,4
30535452573,P471046,5
30535452573,P466153,4
30535452573,P442761,4
30535452573,P443700,4
30562204049,P500744,5
30562204049,P423148,5
30562204049,P500777,5
30820136887,P455934,1
30820136887,P472052,3
30820136887,P478030,3
30893521659,P503726,5
30893521659,P463036,5
30893521659,P481831,5
31164588528,P474832,5
31164588528,P443350,5
31164588528,P418624,5
31248900755,P434336,5
31248900755,P418624,5
31248900755,P469538,4
31265021095,P469506,5
31265021095,P483679,5
31265021095,P475543,5
31265927616,P443700,5
31265927616,P481697,5
31265927616,P503936,5
31308220131,P379710,5
31308220131,P418346,5
31308220131,P500472,5
31697638843,P500240,5
31697638843,P501288,5
31697638843,P500472,5
31735581613,P503726,5
31735581613,P500633,5
31735581613,P400259,5
32120418695,P418346,5
32120418695,P477157,5
32120418695,P501760,5
32120418695,P379707,5
32442546322,P503726,5
32442546322,P400259,5
32442546322,P500472,4
32613381671,P503726,5
32613381671,P475124,5
32613381671,P467038,5
32624819900,P503936,5
32624819900,P479841,5
32624819900,P440650,5
32674233017,P479318,5
32674233017,P400259,5
32674233017,P423148,5
32692388695,P500993,5
32692388695,P482320,5
32692388695,P443370,5
32692388695,P505031,5
32885794950,P423148,5
32885794950,P442761,5
32885794950,P505346,5
32885794950,P501760,5
33209752996,P500744,5
33209752996,P503936,5
33209752996,P443350,5
33348405728,P482551,5
33348405728,P503936,5
33348405728,P475921,5
33409016682,P458209,5
33409016682,P505346,5
33409016682,P471046,5
33409016682,P503814,5
33409016682,P469538,5
34405623914,P479125,5
34405623914,P503814,5
34405623914,P500777,5
34969053836,P483679,5
34969053836,P458917,5
34969053836,P400259,5
35439265952,P12573,5
35439265952,P469502,4
35439265952,P122774,4
35439265952,P481833,4
35439265952,P416341,2
38959888983,P500472,5
38959888983,P458900,5
38959888983,P501288,5
5044331801,P503726,5
5044331801,P434336,4
5044331801,P454084,5
5050435236,P501254,5
5050435236,P456213,5
5050435236,P469538,5
5055035914,P481989,5
5055035914,P443349,5
5055035914,P501760,5
5055035914,P458900,5
5060164185,P472052,5
5060164185,P432049,5
5060164185,P500744,5
5060164185,P476876,5
5060164185,P471025,5
5060164185,P440650,5
5060164185,P443352,5
5060164185,P471003,5
5060164185,P455936,5
5063916402,P423148,5
5063916402,P423136,5
5063916402,P471046,5
5063916402,P482676,5
5067360400,P500777,5
5067360400,P469538,5
5067360400,P482676,5
5080518500,P505023,5
5080518500,P465741,4
5080518500,P481989,5
5090882847,P503891,4
5090882847,P421277,4
5090882847,P411365,5
5096202394,P471046,5
5096202394,P500777,5
5096202394,P467976,5
5096202394,P418624,5
5096202394,P479860,5
5101020709,P476414,5
5101020709,P447781,5
5101020709,P471046,5
5101020709,P454936,5
5104439384,P500857,4
5104439384,P500472,4
5104439384,P469502,5
5116336156,P455237,5
5116336156,P278317,5
5116336156,P481989,5
5116336156,P471237,5
5116336156,P474075,4
5116336156,P470529,4
5121682788,P500777,5
5121682788,P426501,4
5121682788,P503814,5
5121682788,P423148,5
5121682788,P459299,5
5123584004,P470529,5
5123584004,P379707,5
5123584004,P476729,5
5123584004,P442838,5
5126685243,P483076,5
5126685243,P423148,5
5126685243,P479841,5
5152738755,P400203,5
5152738755,P393718,5
5152738755,P416563,4
5152738755,P422000,5
5165910212,P482540,5
5165910212,P476414,5
5165910212,P482676,5
5165910212,P458755,5
5167022335,P500472,5
5167022335,P479318,5
5167022335,P482535,5
5167022335,P475921,5
5174374359,P479860,5
5174374359,P434336,4
5174374359,P418624,5
5178256485,P456218,5
5178256485,P471046,5
5178256485,P481989,5
5178256485,P500756,5
5178256485,P443350,5
5191874328,P471237,5
5191874328,P467038,5
5191874328,P476729,5
5194229831,P400259,5
5194229831,P505023,5
5194229831,P501760,5
5194229831,P482676,5
5194265016,P482551,5
5194265016,P474075,5
5194265016,P443350,5
5213721427,P422905,5
5213721427,P462699,4
5213721427,P473160,4
5213721427,P12336,3
5239087970,P479645,5
5239087970,P470529,5
5239087970,P480301,5
5239087970,P442838,5
5245264219,P470536,5
5245264219,P500756,5
5245264219,P442840,5
5250519700,P421277,5
5250519700,P443700,5
5250519700,P505346,5
5250519700,P505031,5
5258063841,P471025,4
5258063841,P479348,5
5258063841,P456218,5
5258549663,P434336,5
5258549663,P481831,5
5258549663,P440650,5
5260212636,P454120,5
5260212636,P478030,4
5260212636,P461555,5
5260218173,P467038,5
5260218173,P418624,5
5260218173,P501760,5
5272512091,P479327,5
5272512091,P505346,5
5272512091,P482535,5
5272512091,P501288,5
5272512091,P469538,5
5272572858,P442761,5
5272572858,P503814,5
5272572858,P447791,5
5279040289,P432241,4
5279040289,P429952,4
5279040289,P458216,3
5279040289,P442840,4
5279040289,P376726,4
5292139861,P423142,5
5292139861,P443350,5
5292139861,P504125,5
5292139861,P466673,5
5301166134,P442761,5
5301166134,P475589,5
5301166134,P474075,5
5301166134,P379707,5
5302164869,P482551,5
5302164869,P476414,5
5302164869,P423148,5
5309336180,P469482,5
5309336180,P463036,5
5309336180,P500757,5
5318846840,P426183,5
5318846840,P421235,5
5318846840,P482535,5
5329210141,P469538,5
5329210141,P481697,5
5329210141,P446930,5
5333966864,P400259,5
5333966864,P469538,5
5333966864,P377570,5
5333966864,P474075,5
5333966864,P443842,5
5346389538,P428819,5
5346389538,P442836,5
5346389538,P479841,5
5346389538,P474075,5
5346389538,P455236,5
5355295404,P421996,4
5355295404,P426340,5
5355295404,P456218,4
5355295404,P482325,4
5355295404,P434548,5
5358293868,P479327,5
5358293868,P481739,5
5358293868,P482535,5
5358293868,P479318,5
5375350709,P424948,5
5375350709,P476729,5
5375350709,P411365,5
5375350709,P457005,5
5377133952,P505020,5
5377133952,P424948,5
5377133952,P411365,5
5377133952,P434336,5
5377133952,P482325,5
5377133952,P479841,5
5388110380,P424948,4
5388110380,P442838,4
5388110380,P500757,4
5388110380,P474075,5
5388110380,P442836,4
5397742411,P500472,5
5397742411,P442761,5
5397742411,P476729,5
5397742411,P501760,5
5399032479,P469482,5
5399032479,P424948,5
5399032479,P455936,5
5399034659,P454799,5
5399034659,P500633,5
5399034659,P471046,5
5399034659,P500777,5
5399034659,P474075,5
5399034659,P418624,5
5408818095,P424948,5
5408818095,P500472,5
5412370093,P461177,2
5412370093,P404322,5
5412370093,P4010,4
5412370093,P448852,4
5412370093,P458209,4
5412370093,P397890,4
5412370093,P248407,3
5412370093,P403817,4
5420447921,P406712,4
5420447921,P500472,4
5420447921,P12045,5
5420447921,P442566,4
5422666543,P454794,3
5422666543,P461537,3
5422668711,P454799,5
5422668711,P479860,5
5422668711,P469502,5
5422668711,P443350,5
5422668711,P474075,5
5422668711,P456208,5
5437523392,P214002,4
5437523392,P443563,4
5437523392,P297516,4
5443062676,P479860,5
5443062676,P445832,5
5443062676,P483138,5
5456546630,P297551,5
5456546630,P278317,4
5466821612,P400259,5
5466821612,P442838,5
5466821612,P440650,5
5466821612,P474075,5
5466821612,P476729,5
5467597535,P427413,5
5467597535,P426836,5
5467597535,P504615,5
5478282340,P504125,5
5478282340,P500633,5
5478282340,P481989,5
5492671587,P423148,5
5492671587,P479339,5
5492671587,P476729,5
5492671587,P474822,5
5492671587,P475921,5
5504456210,P500633,5
5504456210,P446942,5
5504456210,P463036,5
5504456210,P479841,5
5505045669,P442839,5
5505045669,P456218,5
5505045669,P479339,5
5521712017,P476414,5
5521712017,P481831,5
5521712017,P500777,5
5521712017,P501288,5
5521712017,P474377,5
5526308514,P12573,2
5526308514,P4016,5
5526308514,P415237,4
5596954719,P481084,5
5596954719,P500757,5
5596954719,P416341,4
5596954719,P482681,5
5596954719,P458209,5
5600756945,P479645,5
5600756945,P400259,5
5600756945,P471025,5
5600756945,P418624,5
5606767553,P471237,5
5606767553,P455236,5
5606767553,P468658,5
5606767553,P482325,5
5606767553,P500777,5
5608802030,P482551,5
5608802030,P434336,5
5608802030,P479841,5
5623099325,P483076,5
5623099325,P424948,5
5623099325,P442836,5
5630178033,P483076,5
5630178033,P503936,5
5630178033,P471043,5
5656767017,P500472,5
5656767017,P500777,5
5656767017,P442836,5
5676316634,P500633,5
5676316634,P503634,5
5676316634,P442761,5
5676316634,P501254,5
5689410663,P422430,4
5689410663,P418218,4
5689410663,P422905,4
5698176053,P471237,5
5698176053,P470529,5
5698176053,P479841,4
5698627875,P94421,2
5698627875,P455936,4
5698627875,P479327,3
5698627875,P439926,4
5699321689,P479860,5
5699321689,P503936,5
5699321689,P479841,5
5706930175,P406712,5
5706930175,P461537,5
5706930175,P504615,5
5713635310,P476414,5
5713635310,P418624,5
5713635310,P434336,5
5713635310,P462666,5
5713635310,P500777,5
5728295801,P479318,4
5728295801,P461555,4
5728295801,P453225,2
5728295801,P503936,4
5734796857,P500633,5
5734796857,P442838,5
5734796857,P457005,5
5734796857,P476729,5
5765406121,P500633,5
5765406121,P482535,5
5765406121,P423148,5
5765406121,P377570,5
5768957715,P466154,5
5768957715,P500633,5
5768957715,P453930,5
5768957715,P455236,5
5771259770,P442840,5
5771259770,P453224,4
5783583181,P214002,5
5783583181,P443350,5
5783583181,P458917,5
5783583181,P479841,5
5784953349,P406712,3
5784953349,P423148,5
5784953349,P422000,3
5784953349,P379510,4
5785417784,P440504,3
5785417784,P12336,3
5785417784,P434548,4
5816557070,P500472,5
5816557070,P481831,5
5821673785,P471043,5
5821673785,P423148,5
5821673785,P481831,5
5826279851,P453816,4
5826279851,P379510,4
5826279851,P415701,4
5826279851,P415202,2
5826279851,P422000,3
5826658021,P501254,5
5826658021,P501288,5
5826658021,P482739,5
5834636323,P481830,5
5834636323,P482320,5
5834636323,P453224,5
5836301803,P379710,5
5836301803,P481739,5
5836301803,P481830,5
5836301803,P467602,5
5836301803,P442837,5
5836301803,P500633,5
5836301803,P443350,5
5845582854,P477157,5
5845582854,P462699,5
5845582854,P476414,5
5854178390,P421275,5
5854178390,P302103,5
5854178390,P381030,5
5860073601,P479645,5
5860073601,P467602,5
5860073601,P482535,5
5879413239,P476414,5
5879413239,P503936,5
5880816180,P442840,5
5880816180,P458209,5
5880816180,P475589,5
5883475660,P428250,5
5883475660,P481161,5
5883475660,P418624,5
5883475660,P475589,5
5886022731,P400259,4
5886022731,P475921,5
5886022731,P455236,5
5886022731,P476729,4
5887461335,P423148,5
5887461335,P434336,5
5887461335,P482535,5
5941633689,P466153,5
5941633689,P481831,5
5941633689,P469538,5
5941633973,P505024,5
5941633973,P456213,5
5941633973,P463036,5
5941633973,P479327,5
5941633973,P474822,5
5941633973,P503936,5
5947149877,P500633,5
5947149877,P423136,5
5947149877,P503814,5
5952034039,P438619,5
5952034039,P400259,5
5952034039,P443350,5
5953458355,P481830,5
5953458355,P456213,4
5953458355,P467038,5
5953458355,P473322,5
5953458355,P474822,5
5953458355,P503936,5
5959513034,P466123,5
5959513034,P466164,5
5959513034,P479841,5
5959513034,P470065,5
5959513034,P411365,5
5959832678,P476414,5
5959832678,P476729,5
5959832678,P467602,5
5959832678,P474075,5
5959832678,P442836,5
5967382859,P443370,5
5967382859,P503814,5
5967382859,P434336,5
5973654597,P429242,5
5973654597,P455926,5
5973654597,P479841,5
5973654597,P458917,5
5973654597,P455236,5
5990859844,P504125,5
5990859844,P418346,5
5990859844,P481989,5
6002813745,P400259,5
6002813745,P500777,5
6002813745,P505346,5
6002961173,P419223,4
6002961173,P376726,5
6002961173,P411388,4
6003899501,P474832,5
6003899501,P471237,5
6003899501,P470529,5
6017564236,P468684,5
6017564236,P500472,5
6017564236,P477157,5
6017564236,P454084,5
6025009228,P454799,5
6025009228,P458209,5
6025009228,P456211,5
6027556470,P500857,5
6027556470,P500472,5
6027556470,P479841,5
6038486077,P503936,5
6038486077,P442838,5
6038486077,P442744,5
6038486077,P476729,5
6058344798,P423142,5
6058344798,P423148,5
6058344798,P476729,4
6058344798,P411365,5
6058344798,P474075,5
6058344798,P440650,5
6059402111,P446934,5
6059402111,P479327,5
6059402111,P411365,5
6071727436,P415747,5
6071727436,P427419,5
6071727436,P442840,4
6079166333,P460747,5
6079166333,P475908,5
6079166333,P188307,4
6079166333,P418624,4
6091659724,P462666,5
6091659724,P482676,5
6091659724,P466164,5
6091659724,P466134,5
6091659724,P453928,5
6091659724,P429952,5
6091659724,P482074,5
6096997502,P500857,4
6096997502,P500472,4
6096997502,P469538,4
6104730660,P456412,5
6104730660,P422905,5
6104730660,P433887,5
6111836658,P466661,5
6111836658,P500777,5
6111836658,P503726,5
6137325052,P479327,5
6137325052,P442838,5
6137325052,P501288,5
6152126880,P475124,5
6152126880,P471237,5
6152126880,P479841,5
6152126880,P423148,5
6152126880,P474075,5
6152126880,P456208,5
6169353564,P479327,5
6169353564,P505031,5
6169353564,P501760,5
6169353564,P442761,5
6177787632,P432049,5
6177787632,P463036,5
6177787632,P482535,5
6202026344,P424948,5
6202026344,P474832,5
6202026344,P482676,5
6202026344,P443349,4
6203895619,P447791,5
6203895619,P471025,5
6203895619,P456211,4
6203895619,P501288,5
6203895619,P481831,5
6217599169,P418346,4
6217599169,P483679,5
6217599169,P471025,4
6217599169,P482676,4
6218423073,P427536,3
6218423073,P426501,4
6218423073,P440312,4
6218423073,P392245,4
6221968187,P479645,5
6221968187,P500633,5
6221968187,P471046,5
6221968187,P443350,5
6221968187,P503814,5
6221968187,P479841,5
6234009467,P444057,4
6234009467,P297516,5
6234009467,P427397,4
6234009467,P411388,5
6252474882,P458576,5
6252474882,P501760,5
6252474882,P474075,5
6252474882,P479318,5
6267974042,P455237,5
6267974042,P467602,5
6267974042,P453224,5
6270357583,P503879,5
6270357583,P476414,5
6270357583,P501254,5
6279064293,P501254,5
6279064293,P503814,5
6279064293,P500777,5
6333148846,P470529,5
6333148846,P454313,5
6333148846,P459300,4
6333148846,P472810,5
6333148846,P469538,5
6338198485,P503726,4
6338198485,P433443,4
6338198485,P505346,4
6339361403,P453816,5
6339361403,P461933,2
6339361403,P428250,4
6341243385,P438620,5
6341243385,P471237,5
6341243385,P500777,5
6341243385,P423148,5
6341243385,P475124,5
6341243385,P468658,5
6341291441,P469502,2
6341291441,P426836,2
6341291441,P479860,4
634369095,P466134,5
634369095,P428819,5
634369095,P470529,5
6363626211,P447780,4
6363626211,P480630,5
6364359682,P442836,5
6364359682,P455236,5
6364359682,P480461,5
6364359682,P482535,5
6373046375,P474832,5
6373046375,P458917,5
6373046375,P447791,5
6388242700,P469482,5
6388242700,P459301,5
6388242700,P501254,5
6402659744,P459141,5
6402659744,P440307,5
6402659744,P427414,5
6404481981,P427417,4
6404481981,P454794,3
6404481981,P439061,4
6436526441,P482551,5
6436526441,P473322,5
6436526441,P505009,5
6451747722,P482551,4
6451747722,P442840,5
6451747722,P443350,5
6451747722,P479327,4
6451747722,P474075,4
6451747722,P411539,3
6455730726,P466134,5
6455730726,P474075,5
6455730726,P471237,5
6459532428,P505009,5
6459532428,P474075,5
6459532428,P404338,5
6476422315,P438617,5
6476422315,P411365,4
6476422315,P471043,5
6476422315,P471025,4
6482459558,P400259,5
6482459558,P471043,5
6482459558,P501288,5
6484203063,P456218,5
6484203063,P469538,5
6484203063,P377570,5
6484203063,P411365,5
6491073037,P418872,5
6491073037,P278317,4
6491073037,P455676,4
6534073540,P482074,4
6534073540,P456213,4
6534073540,P423148,5
6534073540,P500472,5
6534073540,P501288,5
6534073540,P503936,5
6536873268,P471788,4
6536873268,P4016,2
6536873268,P466155,4
6559471539,P473160,4
6559471539,P139000,5
6559471539,P405096,4
6607912734,P500472,5
6607912734,P479339,5
6607912734,P505346,4
6607912734,P475921,4
6633905004,P302103,5
6633905004,P461555,5
6633905004,P397890,5
6642563785,P471237,5
6642563785,P503936,5
6642563785,P479841,5
6671011173,P432049,5
6671011173,P476414,5
6671011173,P475543,5
6671011173,P442836,5
6677734504,P477157,5
6677734504,P431848,5
6677734504,P470529,5
6687202569,P479841,5
6687202569,P474075,5
6687202569,P501760,5
6699524677,P466153,5
6699524677,P476730,5
6699524677,P479860,5
6735103542,P400259,4
6735103542,P454935,5
6735103542,P501760,4
6735103542,P474822,4
6735103542,P454936,5
6742808605,P400259,5
6742808605,P505346,5
6742808605,P481831,5
6742808605,P475124,5
6742808605,P469538,5
6744265369,P421243,5
6744265369,P436359,5
6744987127,P443350,5
6744987127,P479125,5
6744987127,P505031,5
6744987127,P474075,5
6744987127,P443700,5
6758671222,P297516,5
6758671222,P428819,2
6758671222,P432829,5
6758671222,P268700,3
6758671222,P472454,3
6761291615,P481366,5
6761291615,P500633,5
6761291615,P476729,5
6761291615,P411365,5
6761549421,P460578,4
6761549421,P423148,5
6761549421,P503191,5
6803024362,P440650,5
6803024362,P500777,5
6803024362,P475124,5
6803024362,P411365,5
6803350950,P459301,4
6803350950,P500472,4
6803350950,P465741,4
6803350950,P463036,5
6807369573,P476414,5
6807369573,P454313,5
6807369573,P480192,5
6830612821,P439061,4
6830612821,P439058,5
6830612821,P433887,4
6830612821,P460512,4
6836209043,P480613,5
6836209043,P479841,5
6867468665,P418218,5
6867468665,P427420,5
6882276619,P428095,4
6882276619,P415777,4
6882276619,P461159,2
6899508793,P415771,5
6899508793,P505031,5
6899508793,P503814,5
6907867872,P428250,4
6907867872,P481739,5
6907867872,P501760,5
6907867872,P379707,5
6913208636,P483076,5
6913208636,P443845,5
6913208636,P419222,4
6913208636,P503814,5
6913208636,P479841,5
6923429160,P471043,5
6923429160,P466123,5
6923429160,P476729,5
6943115522,P418629,4
6943115522,P12336,5
6943115522,P400207,5
6953289856,P377570,5
6953289856,P379707,5
6953289856,P475921,5
6953289856,P474075,5
6953289856,P471025,5
6999486447,P455926,4
6999486447,P454380,5
6999486447,P431180,4
7038534420,P503936,5
7038534420,P479841,5
7038534420,P411365,5
7080011578,P443359,5
7080011578,P463036,5
7080011578,P466673,5
7121054794,P505031,5
7121054794,P431180,5
7121054794,P418346,5
7121600970,P423136,5
7121600970,P479327,5
7121600970,P423148,5
7125761333,P505020,5
7125761333,P479327,5
7125761333,P505031,5
7125761333,P479318,5
7130595078,P456213,5
7130595078,P415619,5
7130595078,P459301,5
7143766899,P481169,5
7143766899,P476414,5
7143766899,P479841,5
7143766899,P458209,5
7143766899,P501288,5
7143766899,P443350,5
7152044287,P443359,5
7152044287,P447791,5
7152044287,P442838,5
7152044287,P482535,5
7183970720,P94421,4
7183970720,P446938,2
7183970720,P461160,4
7183970720,P462666,4
7183970720,P440307,1
7184588646,P481830,5
7184588646,P455936,5
7184588646,P471046,5
7216414034,P466154,5
7216414034,P500472,5
7216414034,P455236,5
7217341764,P500288,5
7217341764,P471237,5
7217341764,P500777,5
7217341764,P423148,5
7217341764,P474075,5
7217341764,P468658,5
7230041456,P416816,5
7230041456,P421275,5
7234362434,P422007,4
7234362434,P482535,4
7234362434,P501288,4
7234362434,P476729,2
7249703678,P445827,5
7249703678,P501760,5
7249703678,P469538,5
7249703678,P505346,5
7301053683,P443700,5
7301053683,P423148,5
7301053683,P481831,4
7301643723,P471237,5
7301643723,P422430,5
7301643723,P443830,5
7352533339,P278317,4
7352533339,P421243,4
7352533339,P411388,4
7374201988,P442838,5
7374201988,P501288,5
7374201988,P500472,5
7375781965,P480192,4
7375781965,P479125,5
7375781965,P501029,5
7375781965,P505054,5
7375781965,P418624,5
7375781965,P416341,5
7375781965,P309308,5
7375781965,P475543,5
7375781965,P400259,5
7379164917,P462347,4
7379164917,P463036,5
7379164917,P460701,5
7379164917,P430146,5
7386223270,P476729,5
7386223270,P455236,5
7386223270,P467976,5
7386223270,P442836,5
7386223270,P500633,5
7444740832,P456213,5
7444740832,P471237,5
7444740832,P423148,5
7454981540,P474832,5
7454981540,P54509,5
7454981540,P500472,5
7470033806,P297516,4
7470033806,P415777,4
7470033806,P443840,3
7507380172,P480613,5
7507380172,P411365,5
7507380172,P476729,5
7552768264,P474075,5
7552768264,P476414,5
7557567711,P500633,5
7557567711,P440650,5
7557567711,P443350,5
7557567711,P483138,5
7557567711,P455236,5
7581682557,P479125,5
7581682557,P481989,5
7581682557,P500777,5
7604266778,P466134,5
7604266778,P479860,5
7604266778,P448203,5
7646271008,P479860,5
7646271008,P423148,5
7646271008,P404338,5
7646271008,P475124,5
7646271008,P467038,5
7651579576,P463036,5
7651579576,P422000,5
7651579576,P429515,5
7651579576,P430337,4
7651710179,P479841,5
7651710179,P424948,4
7651710179,P465741,5
7651710179,P500472,5
7651710179,P232915,5
7659604178,P395615,5
7659604178,P421996,4
7659604178,P504615,2
7660684877,P500857,5
7660684877,P418346,5
7660684877,P455236,5
7660684877,P443350,5
7688096278,P419222,5
7688096278,P419223,5
7688096278,P479318,5
7705167669,P500288,4
7705167669,P469502,4
7705167669,P411365,4
7722036909,P442838,5
7722036909,P469502,5
7722036909,P474075,5
7722036909,P500777,5
7724720309,P400259,5
7724720309,P479841,5
7724720309,P443350,5
7724720309,P481833,5
7724720309,P500777,5
7738150700,P454120,4
7738150700,P461159,4
7738150700,P427414,4
7742367839,P428416,4
7742367839,P454794,2
7742367839,P173726,5
7742367839,P478030,4
7742367839,P426183,4
7755267284,P461159,5
7755267284,P422536,5
7755267284,P411539,5
7790451352,P476414,5
7790451352,P423148,5
7790451352,P482676,5
7855236361,P479327,5
7855236361,P422022,5
7855236361,P482535,5
7855236361,P503814,5
7855236361,P440650,5
7861910014,P471101,4
7861910014,P429242,5
7861910014,P471046,4
7861910014,P479841,4
7861910014,P474075,4
7861910014,P455236,4
7880080416,P270594,5
7880080416,P415777,3
7880080416,P472454,4
7882267159,P503936,5
7882267159,P471043,5
7882267159,P501760,5
7882267159,P423136,5
7891660376,P479860,5
7891660376,P400259,5
7891660376,P440949,5
7903030132,P482676,5
7903030132,P501288,5
7903030132,P456218,5
7969053155,P297524,4
7969053155,P392246,4
7969053155,P443845,5
7994851651,P434548,5
7994851651,P503936,5
8012495549,P463036,5
8012495549,P455236,5
8012495549,P480301,5
8063940317,P481989,5
8063940317,P455936,5
8063940317,P469538,5
8118994357,P503936,5
8118994357,P423136,5
8118994357,P505346,5
8118994357,P474075,5
8118994357,P482676,5
8129366764,P503726,4
8129366764,P482535,4
8129366764,P448202,4
8224928748,P503634,5
8224928748,P455936,5
8224928748,P411365,5
8245000421,P503726,4
8245000421,P476414,4
8245000421,P481739,4
8253254909,P475589,5
8253254909,P426183,5
8253254909,P456392,5
8253254909,P471237,5
8292934124,P445951,4
8292934124,P415620,5
8292934124,P297524,4
8304487584,P500633,5
8304487584,P481739,5
8304487584,P375853,5
8304487584,P501288,5
8304487584,P501760,5
8334990915,P505023,5
8334990915,P501760,5
8334990915,P474822,5
8334990915,P482676,5
8362301475,P503668,5
8362301475,P411365,5
8362301475,P443370,5
8362301475,P479318,5
8429335107,P482024,5
8429335107,P476414,5
8429335107,P505346,5
8429335107,P479841,5
8429335107,P501288,5
8429335107,P469538,5
8451774995,P503936,5
8451774995,P483679,5
8451774995,P442761,5
8451774995,P483138,5
8451774995,P466673,5
8535907222,P441101,5
8535907222,P426340,4
8535907222,P434548,5
8535907222,P460701,4
8535907222,P415701,4
8586285574,P500288,5
8586285574,P416563,5
8586285574,P476729,5
8586285574,P411365,5
8586285574,P474075,5
8586285574,P440650,5
8695090153,P501760,5
8695090153,P505346,5
8695090153,P500756,5
8695090153,P463105,4
8741708355,P400259,4
8741708355,P482535,5
8741708355,P475921,4
8755413200,P476414,5
8755413200,P379707,5
8755413200,P482535,5
8755413200,P442838,5
8762921065,P471237,5
8762921065,P470529,5
8762921065,P447210,5
8863174951,P500288,5
8863174951,P476414,5
8863174951,P418624,5
8863174951,P482739,4
8863174951,P474075,5
8863174951,P482742,4
8889275463,P500633,4
8889275463,P500472,4
8889275463,P455936,4
8907206863,P443563,5
8907206863,P393718,4
8907206863,P463371,5
8914461151,P460779,5
8914461151,P466134,5
8941674728,P471237,5
8941674728,P411365,5
8941674728,P443350,5
8941674728,P500777,5
8942563733,P418346,5
8942563733,P440650,5
8942563733,P443350,5
8942563733,P479841,5
8971697725,P431180,4
8971697725,P476729,5
8971697725,P458917,5
9029876835,P438620,5
9029876835,P458209,5
9029876835,P442839,5
9029876835,P501254,5
9034254058,P467655,5
9034254058,P432829,5
9034254058,P446930,5
9067609038,P500240,5
9067609038,P501288,5
9067609038,P418346,5
9075527849,P442563,3
9075527849,P422000,1
9075527849,P463371,2
9075527849,P400207,2
9079615036,P465368,5
9079615036,P505023,5
9079615036,P501760,5
9079615036,P482676,5
9109189891,P461949,5
9109189891,P474075,5
9109189891,P418346,5
912025723,P500633,5
912025723,P476729,5
912025723,P500777,5
912025723,P472810,5
912025723,P455236,5
9153655982,P481732,5
9153655982,P448802,5
9153655982,P501254,5
9153655982,P479318,5
9194058995,P466123,5
9194058995,P470529,5
9194058995,P463036,5
9196796774,P474937,5
9196796774,P455236,5
9196796774,P458917,5
9196796774,P471046,5
9197149947,P454794,4
9197149947,P397890,5
9197149947,P472454,5
9197149947,P403818,5
9202676638,P416815,4
9202676638,P416564,5
9202676638,P427536,5
9205103528,P463036,5
9205103528,P505346,4
9205103528,P442836,4
9205103528,P504045,4
9205103528,P476729,4
924904667,P456213,5
924904667,P500777,5
924904667,P479327,5
924904667,P500288,5
924904667,P448203,5
9265821293,P479327,5
9265821293,P477157,5
9265821293,P503814,5
948372551,P476414,5
948372551,P479841,5
948372551,P434336,5
948372551,P504045,5
948372551,P500777,5
9572994256,P421243,5
9572994256,P421996,5
9572994256,P427536,4
967124371,P297516,5
967124371,P4016,3
967124371,P12336,5
969921556,P470243,5
969921556,P476414,5
969921556,P505346,4
969921556,P455236,5
970799809,P501254,5
970799809,P479318,5
970799809,P458917,5
970799809,P482676,5
970799809,P471237,5
9769481082,P442837,5
9769481082,P479318,5
9769481082,P455926,5
9769481082,P501254,5
9769481082,P481697,5
9769481082,P309308,5
9769481082,P472472,5
9835195077,P447592,5
9835195077,P501760,5
9835195077,P467602,5
9835195077,P440650,5
9856322825,P418218,2
9856322825,P378852,3
9856322825,P504615,3
985770407,P443350,5
985770407,P442761,5
985770407,P476729,5
985770407,P479318,5
989697609,P467038,5
989697609,P505346,5
989697609,P482535,5
989697609,P476729,5
9915476238,P483076,5
9915476238,P431848,5
9915476238,P442858,5
9930311455,P505020,5
9930311455,P479841,5
9930311455,P481739,5
9939193931,P423142,5
9939193931,P475921,5
9939193931,P481831,5
9939193931,P505023,5
9939193931,P423130,5
9939193931,P443352,5
9939193931,P461949,5
9959056885,P458219,5
9959056885,P418346,5
9959056885,P446930,5
9959056885,P460701,5
9959056885,P460512,5
9981000545,P500857,5
9981000545,P232915,5
9981000545,P400259,5
9981202663,P217513,3
9981202663,P460856,2
9981202663,P376726,2
9981221591,P456392,5
9981221591,P471003,5
9981221591,P440650,5
9981221591,P481739,5
998179876,P466153,5
998179876,P447791,5
998179876,P503936,5
